Aldo,Aaron White
Donner Bjornsson,Aaron White
Issiri,Aaron White
Sister Cecily,Adeline
Theodore,Adeline
Aldo,Alana
Issiri,Alana
Wick,Alana
Issiri,Aldo
Wick,Aldo
Cara,Ale
Edith Wyse,Ale
Evan,Ale
Nadya,Ale
Thorunn,Alexander
Reed,Alexei
Wick,Alrik Smith
Evie,Alyana
Theodore,Aoife
Aldo,Arthur
Aldo,Bar
Issiri,Bar
Wick,Bar
Evan,Benjamin
Thorunn,Brongwyn
Merripen,Brother Az
Issiri,Cadmus
Wick,Cadmus
Reed,Caiden
Thorunn,Caiden
Donner Bjornsson,Cara Silverhill
Edith Wyse,Cara Silverhill
Nadya,Cara Silverhill
Thorunn,Cara Silverhill
Sister Cecily,Cassius
Aldo,Cecil
Theodore,Cola
Sister Cecily,Constance
Evan,Darcie
Nadya,Darcie
Reed,Darcie
Thorunn,Darcie
Evie,Donner Bjornsson
Merripen,Donner Bjornsson
Merripen,Druce
Cara,Druse
Thorunn,Druse
Thorunn,Drusk
Merripen,Duncan Murdock
Raynor Black,Duncan Murdock
Thorunn,Duncan Murdock
Cara,Edith Wyse
Donner Bjornsson,Edith Wyse
Evan,Edith Wyse
Ewan,Edith Wyse
Nadya,Edith Wyse
Raynor Black,Edith Wyse
Reed,Edith Wyse
Thorunn,Edith Wyse
Wick,Edith Wyse
Thorunn,Egg
Donner Bjornsson,Ekias
Merripen,Elias Silverhill
Cara Silverhill,Elias Silverhill
Felicia,Eric
Cara Silverhill,Evan
Edith Wyse,Evan
Ewan,Evan
Nadya,Evan
Reed,Evan
Thorunn,Evan
Wick,Evan
Merripen,Eve
Raynor Black,Eve
Thorunn,Eve
Edith Wyse,Ewan
Wick,Ewan
Merripen,Father Mathew
Issiri,Father Matthew
Sister Cecily,Father Matthew
Theodore,Father Matthew
Wick,Father Matthew
Evie,Feast For War
Felicia,Feast For War
Raynor Black,Feasts for War
Donner Bjornsson,Foxglove
Evie,Foxglove
Merripen,Foxglove
Merripen,Fremont
Sister Cecily,Fremont
Theodore,Fremont
Merripen,Frost
Raynor Black,Frost
Thorunn,Frost
Merripen,Gail Harper
Raynor Black,Gail Harper
Donner Bjornsson,Gregory Wyse
Edith Wyse,Gregory Wyse
Evan,Gregory Wyse
Nadya,Gregory Wyse
Aldo,Hennet
Edith Wyse,Hennet
Issiri,Hennet
Issiri,Holli
Wick,Holli
Sister Cecily,Hugh
Cara Silverhill,Hunter
Raynor Black,Hunter
Aldo,Issiri
Evie,Issiri
Felicia,Issiri
Wick,Issiri
Merripen,Ivan
Sister Cecily,Jael
Evie,Jamis
Evie,Jasper
Merripen,Jasper
Sister Cecily,Joan
Theodore,Joan
Ewan,Josephine
Reed,Josephine
Thorunn,Josephine
Cara Silverhill,Kamaria
Edith Wyse,Kamaria
Evan,Kamaria
Nadya,Kamaria
Edith Wyse,Katja
Evan,Katja
Nadya,Katja
Raynor Black,Kazamir
Sister Cecily,Kazimiera
Ewan,Kellan
Cara Silverhill,Kellen
Donner Bjornsson,Kiera NicDuibhne
Merripen,Kiera NicDuibhne
Raynor Black,Kiera NicDuibhne
Merripen,Kizman
Merripen,Kleng
Cara Silverhill,Lady Camlynn Carou
Merripen,Lady Camlynn Carou
Raynor Black,Lady Camlynn Carou
Thorunn,Lady Camlynn Carou
Ewan,Lady Helena
Thorunn,Leigh
Aldo,Liufr
Edith Wyse,Liufr
Ewan,Lox
Wick,Lox
Issiri,Luifr
Evie,Luke
Felicia,Luke
Cara Silverhill,Marigold
Edith Wyse,Marigold
Evan,Marigold
Nadya,Marigold
Thorunn,Marigold
Donner Bjornsson,Marsh
Raynor Black,Merek Blackshield
Sister Cecily,Michael
Aldo,Millicent
Issiri,Millicent
Wick,Millicent
Evie,Minerva
Felicia,Minerva
Wick,Myrine
Cara Silverhill,Nadya
Edith Wyse,Nadya
Evan,Nadya
Reed,Nadya
Thorunn,Nadya
Wick,Nadya
Aldo,Naiya
Cara Silverhill,Naiya
Donner Bjornsson,Naiya
Edith Wyse,Naiya
Merripen,Naiya
Wick,Naiya
Donner Bjornsson,Nevar Getoverhere
Merripen,Nevar Getoverhere
Issiri,Nuala
Aldo,Old Henry
Issiri,Old Henry
Merripen,Old Henry
Aldo,Osgar
Merripen,Patience
Theodore,Priscilla
Reed,Raul
Thorunn,Raul
Merripen,Raynor Black
Aldo,Roland
Issiri,Roland
Wick,Roland
Aldo,Sabine
Reed,Scotty
Wick,Scotty
Evie,Seitheach
Evan,Siggy
Ewan,Siggy
Nadya,Siggy
Reed,Siggy
Thorunn,Siggy
Raynor Black,Silas Walker
Sister Cecily,Simon
Theodore,Sister Cecily
Donner Bjornsson,Sofia
Edith Wyse,Sofia
Evan,Sofia
Felicia,Sofia
Nadya,Sofia
Cara Silverhill,Talon
Raynor Black,Talon
Sister Cecily,Theodore
Reed,Thomas
Theodore,Thomas
Evan,Thorunn
Ewan,Thorunn
Nadya,Thorunn
Reed,Thorunn
Merripen,Thud
Reed,Thud
Thorunn,Ulf
Aldo,Wick
Edith Wyse,Wick
Evan,Wick
Ewan,Wick
Issiri,Wick
Nadya,Wick
Raynor Black,Will Foote
Aldo,Winslow
Merripen,Xavier
Aldo,Yevgeniy Potapov
Donner Bjornsson,Yevgeniy Potapov
Edith Wyse,Yevgeniy Potapov
Merripen,Yevgeniy Potapov
Issiri,Young Henry
Donner Bjornsson,Zakiyah Rubinoskii
Evie,Zakiyah Rubinoskii
Felicia,Zakiyah Rubinoskii
Issiri,Zakiyah Rubinoskii
Donner Bjornsson,Zenobia
Ewan,Zenobia
Theodore,Zenobia
Gregory Wyse,Edith Wyse
Gregory Wyse,Ale
Gregory Wyse,Evan
Gregory Wyse,Marigold
Gregory Wyse,Kamaria
Gregory Wyse,Nadya
Gregory Wyse,Katja
Gregory Wyse,Yevginey
Gregory Wyse,Hennet
Gregory Wyse,Marsh
Gregory Wyse,Winslow
Gregory Wyse,Arthur
Gregory Wyse,Cara
Gregory Wyse,Aaron White
Gregory Wyse,Liufer
Gregory Wyse,Donner Bjornsson
Gregory Wyse,Issiri
Gregory Wyse,Zenobia
Gregory Wyse,Zakiyah
Gregory Wyse,Old Henry
Gregory Wyse,Sofia
